,City,Cloudiness,Country,Date,Humidity,Lat,Lng,Max Temp,Wind Speed
0,Chokurdakh,78,RU,1570515485,96,70.62,147.9,12.43,1.88
1,Vaini,40,IN,1570515487,62,15.34,74.49,84.2,5.82
2,Chuy,1,UY,1570515488,79,-33.69,-53.46,55.59,8.12
3,Rikitea,100,PF,1570515489,78,-23.12,-134.97,70.05,11.48
4,Arraial do Cabo,93,BR,1570515309,94,-22.97,-42.02,71.52,2.75
5,Boddam,75,GB,1570515492,93,57.47,-1.78,48.2,12.75
6,Barrow,17,AR,1570515494,63,-38.31,-60.23,43.17,4.5
7,Bambous Virieux,75,MU,1570515496,69,-20.34,57.76,75.99,18.34
8,Hermanus,17,ZA,1570515497,72,-34.42,19.24,63.0,7.0
9,Kodiak,1,US,1570515498,93,39.95,-94.76,51.01,7.49
10,Hobart,40,AU,1570515501,53,-42.88,147.33,54.0,19.46
11,Tasiilaq,0,GL,1570515502,69,65.61,-37.64,39.2,2.24
12,Chernyshevskiy,26,RU,1570515503,73,63.01,112.47,21.52,9.1
13,Grand Gaube,75,MU,1570515308,69,-20.01,57.66,75.99,18.34
14,Ilulissat,25,GL,1570515506,68,69.22,-51.1,24.8,1.12
15,Saint-Philippe,1,CA,1570515507,93,45.36,-73.48,55.4,9.17
16,Goundam,14,ML,1570515509,18,16.42,-3.66,85.29,10.51
17,Nurota,0,UZ,1570515511,27,40.56,65.69,77.0,4.7
18,Yellowknife,90,CA,1570515513,86,62.45,-114.38,30.2,12.75
19,Kaitangata,100,NZ,1570515514,87,-46.28,169.85,51.01,5.99
20,Torbay,75,CA,1570515516,87,47.66,-52.73,57.99,23.04
21,Thompson,90,CA,1570515517,66,55.74,-97.86,50.0,5.82
22,Ushuaia,90,AR,1570515518,94,-54.81,-68.31,32.0,38.03
23,Staryy Nadym,100,RU,1570515520,73,65.61,72.68,36.78,3.42
24,Vila,75,IT,1570515521,93,45.18,8.4,57.99,4.7
25,Katsuura,75,JP,1570515523,61,33.93,134.5,77.0,14.99
26,Byron Bay,91,AU,1570515518,9,-28.65,153.62,100.4,27.51
27,Punta Arenas,0,CL,1570515526,64,-53.16,-70.91,37.4,35.57
28,Salcedo,78,DO,1570515527,86,19.38,-70.42,80.01,4.05
29,Pisco,90,PE,1570515529,87,-13.71,-76.2,60.8,4.7
30,Dustlik,0,UZ,1570515530,17,40.53,68.03,78.92,8.5
31,Port Alfred,17,ZA,1570515532,74,-33.59,26.89,68.0,1.99
32,Shimoda,40,JP,1570515534,74,34.7,138.93,81.0,17.22
33,Carnarvon,78,ZA,1570515535,37,-30.97,22.13,59.5,5.68
34,Tiksi,100,RU,1570515536,83,71.64,128.87,25.35,20.38
35,Mataura,100,NZ,1570515538,94,-46.19,168.86,52.0,3.0
36,Saint Anthony,1,US,1570515539,74,43.97,-111.68,42.8,5.82
37,Bandarbeyla,6,SO,1570515540,61,9.49,50.81,82.56,5.84
38,Vila Franca do Campo,75,PT,1570515542,88,37.72,-25.43,71.01,17.22
39,Slave Lake,90,CA,1570515320,74,55.28,-114.77,33.8,13.87
40,Busselton,81,AU,1570515544,23,-33.64,115.35,82.99,4.18
41,Itarema,37,BR,1570515545,68,-2.92,-39.92,77.97,13.0
42,Nalut,39,LY,1570515547,62,31.86,10.98,61.61,15.43
43,Mahebourg,75,MU,1570515548,69,-20.41,57.7,75.99,18.34
44,Peruibe,100,BR,1570515549,99,-24.32,-47.0,65.51,1.03
45,Lengshuijiang,100,CN,1570515552,64,27.66,111.45,64.79,2.53
46,Cape Town,40,ZA,1570515296,67,-33.93,18.42,62.6,14.99
47,Tura,48,RU,1570515554,74,64.27,100.22,22.19,12.73
48,Yulara,0,AU,1570515555,18,-25.24,130.99,84.2,14.99
49,Luderitz,0,NA,1570515557,76,-26.65,15.16,57.2,8.05
50,Mar del Plata,66,AR,1570515558,53,-46.43,-67.52,46.27,22.64
51,Henties Bay,13,NA,1570515560,90,-22.12,14.28,57.47,13.47
52,Albany,90,US,1570515561,87,42.65,-73.75,55.4,3.2
53,Ca Mau,100,VN,1570515562,51,9.18,105.15,90.32,7.9
54,Avarua,69,CK,1570515565,56,-21.21,-159.78,69.8,6.93
55,Jamestown,13,AU,1570515370,35,-33.21,138.6,61.19,13.91
56,Dunedin,100,NZ,1570515521,73,-45.87,170.5,55.0,8.01
57,Ketchikan,1,US,1570515572,48,55.34,-131.65,42.8,16.11
58,Nanortalik,99,GL,1570515574,81,60.14,-45.24,36.69,2.21
59,Trelew,0,AR,1570515575,43,-43.25,-65.31,48.83,21.99
60,Novosergiyevka,8,RU,1570515576,60,52.08,53.65,45.46,5.88
61,Cherskiy,99,RU,1570515577,93,68.75,161.3,24.72,16.64
62,Saint-Pierre,90,FR,1570515579,100,48.95,4.24,55.4,16.11
63,Anadyr,90,RU,1570515580,100,64.73,177.51,35.6,8.95
64,Puerto Ayora,38,EC,1570515581,96,-0.74,-90.35,64.0,1.99
65,Port Elizabeth,75,US,1570515584,77,39.31,-74.98,66.0,14.99
66,Laguna,75,BZ,1570515585,94,16.17,-88.94,77.0,1.79
67,Karratha,0,AU,1570515586,10,-20.74,116.85,103.89,14.88
68,Qaanaaq,100,GL,1570515588,84,77.48,-69.36,19.83,11.86
69,Georgetown,0,GY,1570515589,100,6.8,-58.16,75.2,4.7
70,Punalur,20,IN,1570515590,74,9.02,76.93,84.2,11.41
71,Vardo,90,US,1570515592,87,39.62,-77.74,57.99,8.05
72,Norman Wells,90,CA,1570515510,80,65.28,-126.83,30.2,10.29
73,Atuona,32,PF,1570515594,74,-9.8,-139.03,79.64,11.99
74,Ribeira Grande,100,PT,1570515595,72,38.52,-28.7,66.11,19.15
75,Kavaratti,20,IN,1570515597,66,10.57,72.64,87.8,5.57
76,Coracora,0,PE,1570515598,38,-15.02,-73.78,43.3,2.04
77,Bluff,19,AU,1570515599,11,-23.58,149.07,100.4,11.03
78,Poum,75,MK,1570515600,53,41.28,20.71,51.8,6.93
79,Cabo San Lucas,87,MX,1570515494,81,22.89,-109.91,79.0,6.73
80,Leshukonskoye,100,RU,1570515603,95,64.9,45.76,37.63,10.09
81,Pevek,100,RU,1570515604,82,69.7,170.27,33.33,21.94
82,Koson,0,UZ,1570515606,24,39.04,65.59,78.8,7.47
83,Dingle,73,PH,1570515608,79,11.0,122.67,82.92,10.09
84,Bubaque,100,GW,1570515610,72,11.28,-15.83,82.09,10.31
85,Maumere,76,ID,1570515612,62,-8.63,122.22,81.41,7.58
86,Rundu,25,NA,1570515614,16,-17.91,19.77,68.0,4.7
87,Kapaa,40,US,1570515615,69,22.08,-159.32,80.6,9.17
88,Geraldton,20,CA,1570515616,94,49.72,-86.95,32.0,6.17
89,Lebu,37,ET,1570515618,68,8.96,38.73,61.01,6.6
90,Butaritari,97,KI,1570515619,66,3.07,172.79,85.17,9.1
91,Bayanday,79,RU,1570515621,66,53.07,105.52,52.14,15.57
92,Piney Green,75,US,1570515623,100,35.09,-78.48,71.01,4.7
93,Eureka,1,US,1570515599,100,40.8,-124.16,51.01,4.7
94,Lagoa,0,PT,1570515625,68,37.14,-8.45,73.99,3.36
95,Nangomba,4,TZ,1570515626,54,-10.9,38.52,79.84,6.02
96,The Valley,20,AI,1570515628,74,18.22,-63.06,84.2,11.41
97,Phitsanulok,40,TH,1570515629,66,16.82,100.26,89.6,6.93
98,Abha,0,SA,1570515630,30,18.22,42.5,77.0,4.7
99,Dikson,26,RU,1570515633,69,73.51,80.55,25.08,6.67
100,Lazaro Cardenas,17,MX,1570515634,78,28.39,-105.62,66.99,1.99
101,Caravelas,1,BR,1570515635,90,-17.73,-39.27,72.82,6.58
102,Nyimba,3,ZM,1570515637,35,-14.56,30.81,85.87,9.22
103,Bowen,0,AU,1570515638,31,-20.01,148.25,91.4,11.41
104,New Norfolk,40,AU,1570515639,53,-42.78,147.06,54.0,16.11
105,Bredasdorp,0,ZA,1570515530,72,-34.53,20.04,63.0,3.36
106,Kropotkin,100,RU,1570515642,65,45.43,40.58,56.03,4.52
107,Challapata,0,BO,1570515643,30,-18.9,-66.78,42.56,7.81
108,Bethel,90,US,1570515644,100,60.79,-161.76,44.6,25.28
109,Along,76,IN,1570515646,97,28.17,94.8,60.92,3.83
110,Manadhoo,17,MV,1570515648,68,5.77,73.38,82.61,3.85
111,Cayenne,5,GF,1570515649,100,4.94,-52.33,73.4,4.68
112,La Rioja,5,AR,1570515652,56,-29.41,-66.86,55.16,2.57
113,Mombetsu,75,JP,1570515653,87,44.35,143.35,60.8,13.87
114,Morden,1,CA,1570515655,76,49.19,-98.1,55.4,11.41
115,Clinton,90,US,1570515656,93,41.28,-72.53,62.6,8.05
116,Hilo,90,US,1570515657,74,19.71,-155.08,78.8,10.29
117,Shingu,75,JP,1570515658,61,33.72,135.99,77.0,16.11
118,Mitsamiouli,20,KM,1570515660,51,-11.38,43.28,86.0,21.92
119,Tuatapere,100,NZ,1570515661,94,-46.13,167.69,52.0,3.0
120,Posadas,0,PY,1570515662,63,-27.37,-55.89,66.2,4.7
121,Te Anau,100,NZ,1570515664,94,-45.41,167.72,49.19,2.39
122,Teguise,20,ES,1570515665,88,29.06,-13.56,69.8,9.17
123,Shelburne,5,CA,1570515638,81,44.08,-80.2,46.0,5.82
124,Mandalgovi,0,MN,1570515667,26,45.76,106.27,57.29,18.63
125,Tingambato,100,MX,1570515669,72,19.5,-101.85,59.0,5.01
126,Umm Lajj,0,SA,1570515670,74,25.02,37.27,84.47,8.25
127,Nikolskoye,75,RU,1570515671,74,59.7,30.79,37.0,6.71
128,Puerto Escondido,100,MX,1570515673,91,15.86,-97.07,74.69,3.11
129,Virginia Beach,90,US,1570515674,83,36.85,-75.98,73.4,8.05
130,Klaksvik,95,FO,1570515675,87,62.23,-6.59,50.0,20.8
131,Nisia Floresta,20,BR,1570515677,83,-6.09,-35.21,78.8,5.82
132,Ambilobe,4,MG,1570515678,42,-13.19,49.05,87.4,16.22
133,Santa Maria del Oro,73,MX,1570515679,76,25.95,-105.37,57.07,1.63
134,Nuuk,24,GL,1570515681,54,64.17,-51.74,32.0,11.41
135,Vanimo,100,PG,1570515682,69,-2.67,141.3,84.72,12.71
136,Sao Gabriel da Cachoeira,91,BR,1570515683,85,-0.13,-67.09,76.15,1.99
137,Provideniya,90,RU,1570515685,86,64.42,-173.23,41.0,17.9
138,Bathsheba,75,BB,1570515686,78,13.22,-59.52,82.4,25.28
139,Padang,83,ID,1570515687,85,-0.92,100.36,78.26,13.02
140,Kutum,23,SD,1570515689,57,14.2,24.66,76.01,6.73
141,Bereda,75,ES,1570515690,93,43.27,-7.54,66.2,6.93
142,Nzega,100,TZ,1570515691,39,-4.22,33.19,76.19,12.53
143,Castro,90,CL,1570515692,100,-42.48,-73.76,42.8,2.53
144,Harnosand,0,SE,1570515694,98,62.63,17.94,39.99,4.7
145,Etla,78,MX,1570515695,96,17.21,-96.8,57.92,4.54
146,Ketou,100,BJ,1570515697,97,7.36,2.6,72.82,4.23
147,Ballina,20,IE,1570515699,87,54.11,-9.15,53.01,13.87
148,Okha,83,RU,1570515700,72,53.59,142.95,52.79,11.03
149,Port Keats,41,AU,1570515702,60,-14.25,129.55,86.1,15.84
150,Haines Junction,0,CA,1570515703,78,60.75,-137.51,11.48,1.59
151,Inuvik,90,CA,1570515704,92,68.36,-133.71,28.4,8.05
152,Port Lincoln,32,AU,1570515706,63,-34.72,135.86,53.4,10.85
153,Pangnirtung,100,CA,1570515707,87,66.15,-65.72,27.64,2.13
154,Ignacio Zaragoza,90,MX,1570515708,63,20.02,-99.32,60.8,8.05
155,Pervomayskiy,0,RU,1570515710,69,53.24,40.29,36.08,9.73
156,Kathu,20,ZA,1570515714,36,-27.7,23.05,64.0,6.71
157,Ust-Omchug,39,RU,1570515716,77,61.13,149.63,10.65,1.03
158,Hithadhoo,100,MV,1570515717,74,-0.6,73.08,82.16,13.62
159,Iquitos,90,PE,1570515718,100,-3.75,-73.25,71.6,2.24
160,Celestun,91,MX,1570515720,77,20.87,-90.4,82.41,14.09
161,Manacapuru,40,BR,1570515721,88,-3.3,-60.62,75.2,2.24
162,Kloulklubed,75,PW,1570515722,74,7.04,134.26,86.0,12.75
163,Ust-Ishim,0,RU,1570515723,70,57.69,71.17,55.97,4.12
164,Annan,34,CN,1570515725,81,27.51,119.05,76.19,1.43
165,Fairbanks,20,US,1570515611,95,64.84,-147.72,32.0,5.82
166,Boissevain,1,CA,1570515727,57,49.23,-100.06,50.0,11.41
167,Sao Filipe,84,CV,1570515728,79,14.9,-24.5,78.26,8.72
168,Naifaru,42,MV,1570515730,66,5.44,73.37,82.67,4.05
169,Narrabri,17,AU,1570515731,26,-30.33,149.78,77.0,20.8
170,Lavrentiya,97,RU,1570515732,98,65.58,-170.99,32.34,5.93
171,San Francisco del Mar,96,MX,1570515734,83,16.34,-94.51,76.02,10.29
172,East London,0,ZA,1570515735,56,-33.02,27.91,68.0,5.82
173,Badami,8,IN,1570515736,60,15.92,75.68,82.72,7.14
174,Imeni Zhelyabova,100,RU,1570515737,96,58.95,36.6,32.45,11.41
175,Khatanga,72,RU,1570515739,77,71.98,102.47,24.26,11.21
176,Bukama,56,CD,1570515740,57,-9.2,25.85,78.81,3.04
177,Saint George,90,GR,1570515741,93,39.45,22.34,59.0,10.29
178,Araouane,0,ML,1570515743,12,18.9,-3.53,83.84,10.78
179,Maunabo,90,PR,1570515745,83,18.01,-65.9,82.4,4.7
180,Aasiaat,7,GL,1570515746,66,68.71,-52.87,32.36,16.82
181,Lata,0,IN,1570515748,49,30.78,78.62,43.48,8.88
182,Talnakh,90,RU,1570515749,92,69.49,88.39,23.0,2.24
183,Namibe,87,AO,1570515750,87,-15.19,12.15,69.06,11.68
184,Narsaq,99,GL,1570515752,74,60.91,-46.05,37.4,0.94
185,Kaeo,2,NZ,1570515753,80,-35.1,173.78,64.99,4.59
186,Tuktoyaktuk,90,CA,1570515754,74,69.44,-133.03,33.8,25.28
187,Salamiyah,61,SY,1570515755,50,35.01,37.05,71.13,1.1
188,Yar-Sale,100,RU,1570515757,73,66.83,70.83,35.6,5.26
189,Mayo,20,CA,1570515758,58,63.59,-135.9,26.6,2.24
190,Nantucket,90,US,1570515491,93,41.28,-70.1,64.99,4.7
191,Ulladulla,75,AU,1570515760,82,-35.36,150.48,55.4,5.82
192,Muhororo,95,RW,1570515762,58,-2.51,29.77,63.75,8.95
193,Vostok,100,RU,1570515763,96,46.45,135.83,41.57,9.13
194,Longyearbyen,75,NO,1570515764,93,78.22,15.63,35.6,9.17
195,Agadir,90,MA,1570515766,100,30.42,-9.58,59.0,3.36
196,Nelson Bay,40,AU,1570515767,68,-32.72,152.14,66.2,21.92
197,Ankazobe,75,MG,1570515768,72,-18.32,47.12,66.2,10.29
198,Atar,1,MR,1570515769,12,20.52,-13.05,82.13,4.34
199,Puqi,96,CN,1570515771,59,29.72,113.88,71.06,6.04
200,Maria la Baja,75,CO,1570515772,94,9.98,-75.3,80.6,8.05
201,Uyo,97,NG,1570515772,92,5.03,7.92,74.1,2.66
202,Belle Fourche,1,US,1570515774,17,44.67,-103.85,62.6,17.22
203,Heiligenhafen,90,DE,1570515776,93,54.37,10.98,48.99,13.87
204,Mosquera,20,CO,1570515777,87,4.71,-74.23,51.8,8.05
205,Taksimo,100,RU,1570515780,68,56.36,114.84,32.55,11.54
206,Gizo,0,IL,1570515781,61,31.8,34.94,81.0,2.24
207,Coihaique,90,CL,1570515782,65,-45.58,-72.07,46.4,4.7
208,Werda,0,BW,1570515723,17,-25.27,23.28,66.43,7.9
209,Leningradskiy,100,RU,1570515785,97,69.38,178.42,36.01,26.78
210,Pangkalanbuun,97,ID,1570515787,47,-2.68,111.62,91.65,4.25
211,Parkes,55,AU,1570515788,37,-33.14,148.18,62.01,1.01
212,Laives,90,FR,1570515791,93,46.65,4.85,50.0,9.17
213,Sesheke,0,NA,1570515792,27,-17.47,24.29,78.8,3.36
214,Gidam,19,IN,1570515793,55,18.98,81.4,88.57,4.14
215,Vanavara,100,RU,1570515795,70,60.35,102.28,31.47,9.06
216,Cockburn Town,100,TC,1570515796,80,21.46,-71.14,83.4,19.17
217,Lisieux,90,FR,1570515797,87,49.15,0.23,55.99,10.29
218,Launceston,75,AU,1570515799,50,-41.43,147.14,59.0,20.8
219,Atbasar,0,KZ,1570515800,53,51.81,68.36,61.32,8.66
220,Victoria,75,BN,1570515665,74,5.28,115.24,87.8,5.82
221,Souillac,90,FR,1570515802,77,45.6,-0.6,59.0,3.36
222,Kulhudhuffushi,4,MV,1570515804,71,6.62,73.07,82.72,6.71
223,Rio Grande,0,BR,1570515805,97,-32.03,-52.1,54.0,5.37
224,Sao Desiderio,32,BR,1570515806,50,-12.36,-44.97,73.86,4.25
225,Aloleng,32,PH,1570515807,72,16.13,119.78,83.69,7.34
226,Bilibino,100,RU,1570515809,96,68.06,166.44,14.54,2.91
227,Muisne,88,EC,1570515810,84,0.61,-80.02,74.8,11.97
228,Aksay,14,KZ,1570515811,60,51.17,53.01,45.93,5.08
229,Rajapur,0,BD,1570515814,58,22.57,90.14,89.74,6.2
230,Gunib,100,RU,1570515815,59,42.39,46.96,52.55,5.73
231,Sorong,50,ID,1570515816,76,-0.86,131.25,83.1,8.16
232,Khakurinokhabl,92,RU,1570515818,59,45.02,40.23,58.69,3.2
233,Tual,43,ID,1570515819,84,-5.67,132.75,79.82,16.73
234,San Ramon,96,NI,1570515820,96,12.92,-85.84,66.68,1.72
235,Maniitsoq,5,GL,1570515821,42,65.42,-52.9,35.65,4.97
236,Hualmay,0,PE,1570515823,93,-11.1,-77.61,59.79,10.71
237,Vijapur,0,IN,1570515824,53,23.57,72.75,88.84,4.47
238,Santiago del Estero,0,AR,1570515825,54,-27.8,-64.26,66.07,7.92
239,Sarangani,50,PH,1570515827,65,5.4,125.46,84.79,7.05
240,Asmara,0,ER,1570515828,33,15.34,38.93,82.11,4.32
241,Pemba,20,MZ,1570515829,88,-12.97,40.52,77.0,5.82
242,Canon City,1,US,1570515830,40,39.46,-117.13,35.6,8.05
243,Yerbogachen,71,RU,1570515832,68,61.28,108.01,25.16,7.36
244,Dalby,30,AU,1570515833,13,-27.18,151.26,95.0,29.97
245,Marsh Harbour,100,BS,1570515834,80,26.54,-77.06,79.75,15.82
246,Kjopsvik,0,NO,1570515836,80,68.1,16.37,39.99,13.87
247,Homer,90,US,1570515837,80,59.64,-151.54,42.8,3.36
248,Puerto Leguizamo,95,CO,1570515838,98,-0.19,-74.78,70.19,1.81
249,Barranca,0,PE,1570515839,93,-10.75,-77.76,59.79,10.71
250,Ponta do Sol,99,BR,1570515841,91,-20.63,-46.0,67.06,4.59
251,Ternate,75,PH,1570515842,62,14.29,120.72,91.99,8.05
252,Ponta Delgada,75,PT,1570515843,88,37.73,-25.67,71.01,17.22
253,Airai,34,TL,1570515845,50,-8.93,125.41,83.66,6.69
254,Saint-Georges,98,CA,1570515771,100,46.12,-70.67,52.0,1.01
255,Fuerte Olimpo,82,BR,1570515847,73,-21.04,-57.87,69.8,2.64
256,Jiangkou,76,CN,1570515848,62,30.7,117.56,65.21,8.28
257,San Patricio,94,PY,1570515850,82,-26.98,-56.83,60.33,4.79
258,Gerash,0,IR,1570515851,54,27.67,54.14,84.2,1.12
259,Prabumulih,47,ID,1570515852,37,-3.5,104.19,95.16,4.56
260,Rezh,33,RU,1570515853,58,57.37,61.4,52.25,9.53
261,Palmer,40,AU,1570515855,38,-34.85,139.16,62.01,14.99
262,Basse,75,DE,1570515856,93,52.55,9.51,53.01,8.05
263,Clyde River,90,CA,1570515857,100,70.47,-68.59,30.2,2.68
264,Nacala,75,MZ,1570515616,74,-14.56,40.69,80.6,9.17
265,Viedma,50,AR,1570515860,49,-40.81,-62.99,52.61,15.84
266,Palembang,95,ID,1570515861,48,-2.99,104.76,91.0,4.52
267,Mount Gambier,40,AU,1570515864,54,-37.83,140.78,55.4,14.99
268,Coquimbo,0,CL,1570515865,87,-29.95,-71.34,57.99,6.93
269,Meghraj,0,IN,1570515866,53,23.5,73.5,88.3,5.84
270,Mende,0,FR,1570515867,82,44.52,3.5,43.68,2.21
271,Ancud,90,CL,1570515869,100,-41.87,-73.83,42.8,2.68
272,Hamilton,75,CA,1570515631,76,43.26,-79.87,53.01,3.98
273,Petropavlovsk-Kamchatskiy,49,RU,1570515871,54,53.05,158.65,53.6,8.95
274,Shenjiamen,100,CN,1570515872,78,29.96,122.3,69.83,15.9
275,Lorengau,51,PG,1570515874,80,-2.02,147.27,82.04,7.02
276,Lamu,97,CN,1570515876,52,35.77,102.37,56.73,5.06
277,Mount Isa,5,AU,1570515878,10,-20.73,139.49,98.6,12.75
278,San Luis Rio Colorado,1,MX,1570515879,11,32.47,-114.76,82.4,8.05
279,Les Cayes,98,HT,1570515880,77,18.19,-73.75,83.28,12.55
280,Anloga,40,GH,1570515882,88,5.79,0.9,77.0,9.17
281,Verkhnetulomskiy,0,RU,1570515883,92,68.61,31.8,30.2,2.24
282,Ongandjera,30,NA,1570515884,11,-17.88,15.07,71.18,5.64
283,Nagayo,75,JP,1570515885,60,32.82,129.89,75.2,14.99
284,Severo-Kurilsk,18,RU,1570515887,82,50.68,156.12,46.25,3.04
285,Broken Hill,0,AU,1570515888,25,-31.97,141.45,62.6,18.34
286,Qinhuangdao,0,CN,1570515889,13,39.94,119.59,66.21,9.78
287,Hovd,0,NO,1570515890,74,63.83,10.7,41.0,11.41
288,Tougan,76,BF,1570515892,69,13.07,-3.07,78.9,6.93
289,Saskylakh,57,RU,1570515893,94,71.97,114.09,22.06,13.2
290,Alofi,97,NU,1570515894,78,-19.06,-169.92,73.4,12.75
291,Roald,75,NO,1570515896,81,62.58,6.12,44.6,9.17
292,Buraydah,40,SA,1570515897,43,26.33,43.97,89.6,9.17
293,Nzerekore,100,GN,1570515898,99,7.76,-8.82,68.99,0.78
294,Pacific Grove,1,US,1570515765,58,36.62,-121.92,64.0,3.36
295,Inta,86,RU,1570515901,72,66.04,60.13,43.05,13.53
296,Vila Velha,40,BR,1570515902,69,-3.71,-38.6,78.8,18.34
297,Tugulym,0,RU,1570515670,45,57.06,64.64,62.6,6.71
298,Hervey Bay,44,AU,1570515907,61,-25.3,152.85,79.0,20.8
299,Ambanja,75,MG,1570515908,58,-13.68,48.45,86.0,4.7
300,Zhangjiakou,0,CN,1570515910,21,40.77,114.88,51.27,7.02
301,Southampton,0,GB,1570515900,93,50.9,-1.4,55.0,5.82
302,Tanout,100,NE,1570515913,45,14.97,8.88,83.62,12.84
303,Polunochnoye,100,RU,1570515915,92,60.87,60.43,42.65,4.54
304,Codrington,61,AU,1570515916,16,-28.95,153.24,98.6,23.04
305,Lexington,90,US,1570515917,100,38.05,-84.5,50.0,8.23
306,Acapulco,40,MX,1570515919,88,16.86,-99.88,80.6,4.7
307,Bandar-e Lengeh,20,IR,1570515920,62,26.56,54.88,89.6,6.93
308,Aptos,1,US,1570515763,66,36.98,-121.9,64.99,4.18
309,Port-Cartier,75,CA,1570515923,93,50.03,-66.88,46.99,3.36
310,Brokopondo,0,SR,1570515924,94,5.06,-54.98,77.0,4.7
311,Melilla,90,EC,1570515925,94,-0.8,-80.23,69.8,5.82
312,Cagliari,20,IT,1570515733,93,46.38,10.88,46.0,2.24
313,Berdigestyakh,100,RU,1570515928,92,62.1,126.7,33.0,6.17
314,Qostanay,0,KZ,1570515929,44,53.17,63.58,60.8,4.76
315,Isangel,75,VU,1570515930,74,-19.55,169.27,78.8,11.41
316,Constitucion,56,MX,1570515932,87,23.99,-104.67,49.94,6.31
317,Nata,0,BW,1570515933,16,-20.21,26.19,76.76,14.27
318,Abhar,2,IR,1570515935,21,36.14,49.22,65.84,10.69
319,Anchorage,75,US,1570515780,56,61.22,-149.89,42.01,1.97
320,Esperance,99,AU,1570515938,36,-33.86,121.89,75.2,9.17
321,Lompoc,1,US,1570515940,62,34.64,-120.46,57.99,10.45
322,Otradnoye,75,RU,1570515941,74,59.77,30.8,34.0,6.71
323,Evensk,23,RU,1570515942,51,61.92,159.24,27.1,7.76
324,Tabou,100,CI,1570515944,96,4.42,-7.36,72.64,3.38
325,Requena,0,ES,1570515945,77,39.49,-1.1,63.0,3.36
326,Baiyin,90,CN,1570515946,76,36.55,104.13,51.8,4.47
327,Hohhot,0,CN,1570515947,25,40.81,111.65,60.8,4.47
328,Saint-Joseph,0,FR,1570515949,76,43.56,6.97,61.0,4.7
329,Samarai,51,PG,1570515950,73,-10.62,150.67,76.29,9.35
330,Saldanha,27,PT,1570515951,49,41.42,-6.55,59.27,1.59
331,Zhigansk,100,RU,1570515953,92,66.77,123.37,29.3,11.27
332,Perth,0,AU,1570515954,25,-31.95,115.86,89.01,13.87
333,Phon,5,TH,1570515955,52,15.81,102.61,89.52,8.52
334,Eydhafushi,96,MV,1570515956,68,5.1,73.07,82.5,3.38
335,Meulaboh,88,ID,1570515958,79,4.14,96.13,81.03,8.77
336,Broome,0,GB,1570515959,100,52.47,1.45,55.0,6.93
337,Qaracala,99,AZ,1570515960,49,39.81,48.95,65.96,6.49
338,Sturgeon Falls,1,CA,1570515962,100,46.36,-79.93,44.01,11.41
339,Savannah Bight,100,HN,1570515963,80,16.45,-85.85,84.47,17.25
340,Turochak,0,RU,1570515964,55,52.26,87.12,65.3,1.36
341,Road Town,1,VG,1570515811,78,18.42,-64.62,84.0,10.29
342,Khasan,21,RU,1570515968,37,42.43,130.64,53.24,23.0
343,Dvinskoy,100,RU,1570515969,95,62.16,45.12,38.73,13.06
344,Sampit,86,ID,1570515971,52,-2.54,112.95,92.1,2.08
345,Vic,20,ES,1570515972,93,41.93,2.25,70.0,0.89
346,Inhambane,40,MZ,1570515823,83,-23.87,35.38,78.8,13.87
347,Freeport,100,BS,1570515976,85,26.54,-78.7,79.32,27.76
348,Kochevo,90,BG,1570515978,81,42.1,24.92,51.8,8.05
349,Coahuayana,100,MX,1570515979,94,18.62,-100.35,70.79,2.21
350,Guerrero Negro,6,MX,1570515981,80,27.97,-114.04,69.9,13.44
351,San Cristobal,88,HN,1570515982,96,14.68,-86.92,65.53,0.83
352,Golden,1,US,1570515983,20,39.76,-105.22,51.8,6.93
353,Beringovskiy,100,RU,1570515984,99,63.05,179.32,34.68,2.46
354,Arona,75,IT,1570515986,93,45.76,8.56,57.99,4.7
355,Faanui,69,PF,1570515987,84,-16.48,-151.75,77.46,19.91
356,Kralendijk,12,BQ,1570515988,83,12.15,-68.27,82.4,10.29
357,Blagoyevo,100,RU,1570515990,93,63.37,47.92,40.44,9.13
358,Wajir,0,KE,1570515992,57,1.75,40.07,80.6,6.93
359,Moose Factory,1,CA,1570515993,100,51.26,-80.61,35.6,9.17
360,Atikokan,0,CA,1570515995,83,48.76,-91.62,43.66,9.01
361,Upernavik,35,GL,1570515996,62,72.79,-56.15,28.86,8.9
362,Sao Felix do Xingu,38,BR,1570515997,94,-6.64,-51.99,71.04,0.94
363,Ankang,100,CN,1570516000,97,32.73,108.99,54.66,2.86
364,Awbari,0,LY,1570516001,21,26.59,12.77,69.26,9.86
365,Husavik,0,CA,1570516002,59,50.56,-96.99,53.01,10.0
366,Gifhorn,75,DE,1570516004,93,52.48,10.54,52.0,8.05
367,Fomboni,7,KM,1570516005,73,-12.28,43.74,78.9,9.17
368,Kahului,40,US,1570516008,69,20.89,-156.47,78.8,12.75
369,Pont-a-Mousson,20,FR,1570516009,87,48.91,6.06,54.0,4.7
370,Conakry,75,GN,1570516010,94,9.52,-13.7,75.2,6.93
371,Sokolo,45,ML,1570516012,69,14.74,-6.12,78.58,7.23
372,Kabalo,99,CD,1570516013,71,-6.05,26.92,77.05,2.51
373,Urucara,97,BR,1570516014,84,-2.54,-57.76,74.48,2.91
374,Bereznik,100,RU,1570516015,96,62.86,42.71,40.08,8.25
375,Niamey,0,NE,1570516017,69,13.52,2.11,78.8,4.7
376,Masallatah,53,LY,1570516018,73,32.62,14.0,64.04,12.33
377,Tommot,100,RU,1570516019,78,58.97,126.27,33.24,5.73
378,Hearst,17,CA,1570516022,95,49.69,-83.67,38.4,5.57
379,Jieshi,36,CN,1570516023,55,22.82,115.83,90.0,7.65
380,Jardim,87,BR,1570516024,83,-21.48,-56.15,66.92,1.74
381,Labuhan,1,ID,1570516026,30,-2.54,115.51,98.07,2.42
382,Hofn,100,IS,1570516027,99,64.25,-15.21,37.47,6.13
383,Bridlington,0,GB,1570516031,93,54.08,-0.19,50.0,9.17
384,Ardakan,20,IR,1570516032,15,32.31,54.02,80.6,2.24
385,Saint-Francois,90,FR,1570516033,87,46.42,3.91,50.0,5.82
386,Port Hawkesbury,90,CA,1570516035,88,45.62,-61.36,64.99,17.22
387,Kevsala,85,RU,1570516036,49,45.79,42.68,55.58,17.4
388,Soyo,75,AO,1570516037,88,-6.13,12.37,77.0,9.71
389,Mabaruma,68,GY,1570516039,97,8.2,-59.78,72.84,0.45
390,Daru,90,PG,1570516040,77,-9.07,143.21,77.21,10.51
391,Manavgat,75,TR,1570516041,77,36.79,31.44,70.0,4.7
392,Nome,90,US,1570516043,82,30.04,-94.42,70.0,6.93
393,Westport,90,US,1570516044,82,41.14,-73.36,62.6,9.17
394,Nongpoh,75,IN,1570516045,83,25.9,91.88,78.8,3.36
395,Valparaiso,1,US,1570515846,100,41.47,-87.06,51.01,3.2
396,Taltal,0,CL,1570516048,86,-25.41,-70.49,50.5,2.37
397,Staroutkinsk,95,RU,1570516049,72,57.23,59.33,50.66,10.38
398,Port Hardy,90,CA,1570516050,93,50.7,-127.42,44.6,6.93
399,Savinka,76,RU,1570516051,56,50.08,47.1,44.74,6.85
400,Severodvinsk,90,RU,1570516053,100,64.56,39.82,33.8,11.18
401,Tilichiki,0,RU,1570516054,77,60.47,166.1,28.18,9.1
402,Tongren,100,CN,1570516055,63,27.72,109.18,67.73,1.77
403,Dolni Dabnik,75,BG,1570516058,87,43.41,24.45,50.0,2.24
404,Rome,0,IT,1570515857,71,41.89,12.48,62.01,4.7
405,Verdun,20,FR,1570516060,87,49.16,5.39,54.0,4.7
406,Kieta,97,PG,1570516061,72,-6.22,155.63,84.2,7.94
407,Caico,0,PE,1570516063,61,-17.24,-70.29,50.37,2.19
408,Kharakvasla,0,IN,1570516065,66,18.43,73.77,81.91,8.28
409,Kungurtug,0,RU,1570516066,41,50.6,97.53,52.71,4.07
410,Ranong,75,TH,1570516068,74,9.96,98.62,87.8,6.93
411,Kwinana,98,AU,1570516069,28,-32.25,115.77,89.01,5.82
412,Thayetmyo,20,MM,1570516049,70,19.32,95.18,87.06,1.25
413,Kruisfontein,40,ZA,1570516071,65,-34.0,24.73,62.38,3.58
414,Turayf,0,SA,1570516073,39,31.68,38.65,80.6,11.41
415,Cidreira,24,BR,1570516074,93,-30.17,-50.22,60.53,4.5
416,Dicabisagan,49,PH,1570516075,69,17.08,122.42,85.01,3.2
417,Dawei,57,MM,1570516077,70,14.07,98.19,83.24,8.61
418,Kirovskiy,100,RU,1570516078,73,45.09,133.51,45.39,7.72
419,El Dorado,40,TT,1570516079,94,10.65,-61.37,78.01,5.82
420,Nizwa,0,OM,1570516080,48,22.93,57.53,77.84,1.34
421,Honningsvag,75,NO,1570516082,100,70.98,25.97,33.8,3.36
422,Tokur,100,RU,1570516084,97,53.13,132.9,35.36,3.18
423,Kaohsiung,40,TW,1570515873,58,22.62,120.31,88.0,12.75
424,Ngunguru,13,NZ,1570516092,75,-35.62,174.5,63.0,1.99
425,Charagua,26,BO,1570516094,75,-19.79,-63.2,58.15,2.46
426,Hambantota,40,LK,1570516095,74,6.12,81.12,86.0,3.36
427,Linhai,95,CN,1570516018,90,28.86,121.14,73.0,1.99
428,Sao Jose da Coroa Grande,2,BR,1570516098,94,-8.9,-35.15,68.93,4.05
429,Antofagasta,90,CL,1570515809,76,-23.65,-70.4,57.2,4.7
430,Alta Floresta,100,BR,1570516101,98,-9.87,-56.08,70.41,2.33
431,Wagar,29,US,1570516102,84,31.44,-87.99,72.0,1.99
432,Monrovia,75,LR,1570516104,94,6.33,-10.8,75.2,12.3
433,Krutikha,25,RU,1570516105,51,53.96,81.21,63.26,4.68
434,Baruun-Urt,0,MN,1570516107,30,46.68,113.28,57.77,20.4
435,Pedernales,100,EC,1570516109,84,0.07,-80.05,74.06,10.4
436,Lamar,1,US,1570516111,50,38.09,-102.62,51.8,12.64
437,Dhidhdhoo,75,MV,1570516112,69,6.88,73.1,83.19,6.29
438,Abu Samrah,93,SY,1570516114,60,35.3,37.18,70.03,4.63
439,Rincon,86,PA,1570516115,95,8.46,-82.28,52.0,0.02
440,Piranshahr,0,IR,1570516116,21,36.7,45.14,63.35,10.02
441,Mangrol,0,IN,1570516117,70,25.33,76.51,86.0,1.12
442,Dennis,90,US,1570516119,87,41.74,-70.19,62.6,11.41
443,Nkan,99,CM,1570516120,98,2.95,11.22,67.64,2.26
444,Hengyang,69,CN,1570516122,48,26.89,112.6,74.91,6.73
445,Puerto del Rosario,75,ES,1570516124,78,28.5,-13.86,71.6,9.17
446,Porto Novo,75,BR,1570516125,82,-23.68,-45.44,64.4,3.36
447,Iquique,0,CL,1570516019,76,-20.22,-70.14,55.4,2.24
448,Tautira,75,PF,1570516128,83,-17.73,-149.15,77.0,3.36
449,Ahipara,24,NZ,1570516129,81,-35.17,173.16,64.0,4.9
450,Scarborough,0,GB,1570516130,93,54.28,-0.41,52.0,9.17
451,Paita,42,PE,1570516131,90,-5.09,-81.11,61.79,13.6
452,Portland,90,US,1570515918,93,43.66,-70.25,57.2,3.36
453,Flin Flon,100,CA,1570516135,79,54.77,-101.88,44.67,6.67
454,Dubbo,90,AU,1570516136,33,-32.25,148.6,62.6,31.09
455,Adrar,0,DZ,1570516138,25,27.87,-0.29,64.4,8.05
456,Ntcheu,0,MW,1570516139,60,-14.82,34.64,70.84,9.98
457,Tazovskiy,100,RU,1570516141,88,67.47,78.7,36.01,6.49
458,Paamiut,100,GL,1570515990,80,61.99,-49.67,38.87,6.2
459,Tallahassee,40,US,1570516144,100,30.44,-84.28,73.4,3.36
460,Idrinskoye,96,RU,1570516145,76,54.37,92.14,54.44,3.36
461,Elat,99,CM,1570516147,98,2.91,11.16,67.64,2.26
462,San Jeronimo,90,PE,1570516148,83,-13.65,-73.37,47.48,2.48
463,Katherine,73,AU,1570516149,12,-14.47,132.26,100.4,6.93
464,Kankaanpaa,72,FI,1570516150,93,61.8,22.42,37.99,3.36
465,Enshi,95,CN,1570516152,83,30.29,109.48,62.36,2.26
466,Olinda,90,AU,1570516153,62,-37.84,145.39,57.0,19.46
467,Neustadt,75,CH,1570516025,93,47.05,8.31,50.0,3.36
468,Okhotsk,91,RU,1570516155,53,59.36,143.24,36.03,1.7
469,Changzhou,97,CN,1570516157,58,31.81,119.97,75.99,7.58
470,Fare,53,PF,1570516159,83,-16.7,-151.02,76.64,21.72
471,Aklavik,90,CA,1570516160,92,68.22,-135.01,28.4,8.05
472,Ayna,0,ES,1570516162,93,38.55,-2.07,62.01,4.7
473,Imbituba,40,BR,1570516163,88,-28.24,-48.67,66.2,9.17
474,Egvekinot,99,RU,1570516164,98,66.32,-179.17,30.32,4.0
475,Giddalur,61,IN,1570516166,65,15.38,78.93,85.62,5.41
476,Toplet,66,RO,1570516167,86,44.8,22.39,41.66,1.92
477,Baoshan,20,CN,1570516168,64,31.41,121.49,75.0,8.95
478,Noumea,0,NC,1570516169,57,-22.28,166.46,78.8,9.17
479,Piacabucu,12,BR,1570516172,83,-10.41,-36.43,74.78,12.37
480,Pontianak,75,ID,1570516173,62,-0.02,109.34,87.8,7.25
481,Tyrma,100,RU,1570516174,92,50.04,132.17,44.34,4.5
482,Cairns,20,AU,1570516176,65,-16.92,145.77,88.0,6.93
483,Grimshaw,90,CA,1570516178,63,56.19,-117.61,30.2,16.11
484,Yagodnoye,34,RU,1570516181,74,62.52,149.63,13.24,2.01
485,Kiunga,72,PG,1570516182,63,-6.12,141.3,87.71,4.09
486,Gazanjyk,0,TM,1570516183,50,39.24,55.52,73.77,16.62
487,Xining,100,CN,1570516185,57,36.62,101.77,51.76,6.33
488,Pahrump,90,US,1570515972,14,36.21,-115.98,62.6,4.7
489,Gushikawa,1,JP,1570516187,62,26.35,127.87,86.0,12.75
490,Amanganj,0,IN,1570516188,44,24.43,80.04,85.38,5.64
491,Borgarnes,90,IS,1570516190,87,64.54,-21.92,46.0,3.36
492,Morehead,1,US,1570516191,93,38.18,-83.43,53.6,3.62
493,Namatanai,21,PG,1570516192,81,-3.66,152.44,81.23,12.01
494,Montevideo,1,US,1570516195,66,44.94,-95.72,57.0,9.17
495,Dom Pedrito,0,BR,1570516196,93,-30.98,-54.67,51.8,3.36
496,Marrakesh,0,MA,1570516200,39,31.63,-7.99,66.2,1.12
497,Idritsa,100,RU,1570516201,96,56.33,28.9,36.01,5.23
498,Taoudenni,0,ML,1570516202,14,22.68,-3.98,79.8,8.12
499,Sorada,45,IN,1570516203,70,19.76,84.43,79.98,4.34
500,Ahuimanu,90,US,1570516205,83,21.44,-157.84,80.01,8.05
501,Gorontalo,23,ID,1570515993,54,0.54,123.06,86.25,8.05
502,Marseille,0,FR,1570516207,87,43.3,5.37,57.0,5.82
503,Terrace,90,CA,1570516066,92,54.52,-128.61,37.4,8.05
504,Casma,74,PE,1570516210,93,-9.47,-78.3,59.21,9.15
505,Bartlett,1,US,1570516211,58,41.89,-98.55,55.4,8.05
506,Trinidad,100,BO,1570516212,90,-14.83,-64.9,67.55,2.13
507,Adeje,99,NG,1570516214,87,5.68,5.76,76.74,4.83
508,Nekhayevskiy,100,RU,1570516215,84,50.41,41.76,42.01,7.0
509,Saint-Louis,40,SN,1570516216,83,16.03,-16.5,82.4,4.7
510,Lasa,20,CY,1570516217,50,34.92,32.53,77.0,5.82
511,Bima,47,ID,1570516219,25,-8.45,118.73,96.47,6.33
512,Sawtell,75,AU,1570516221,77,-30.38,153.1,73.4,11.41
513,Wufeng,96,CN,1570516224,89,27.44,104.87,60.45,6.89
514,Jiayuguan,86,CN,1570516225,30,39.77,98.29,57.84,5.68
515,Turtas,3,RU,1570516226,71,58.94,69.13,54.86,5.41
516,Tiznit,0,MA,1570516228,84,29.7,-9.73,67.33,8.97
517,Blythe,1,US,1570516229,15,33.61,-114.59,72.0,3.42
518,Astoria,40,US,1570516230,93,46.19,-123.83,57.0,8.05
519,Karasjok,75,NO,1570516231,95,69.47,25.52,33.8,12.75
520,Longonjo,40,AO,1570516233,93,-12.91,15.25,62.6,3.36
521,Chapais,75,CA,1570516234,100,49.78,-74.86,39.2,5.82
522,Gaya,40,IN,1570516235,66,24.8,85.01,86.0,4.7
523,Hun,75,BE,1570516237,93,50.34,4.87,55.0,12.75
524,Mogadishu,75,SO,1570516159,69,2.04,45.34,82.4,6.93
525,Nardaran,0,AZ,1570516239,68,40.56,50.01,68.0,8.05
526,Tucuman,0,PE,1570516241,59,-17.17,-70.89,44.15,2.51
527,Caucaia,40,BR,1570516243,69,-3.73,-38.66,78.8,18.34
528,Dera Ghazi Khan,0,PK,1570516244,29,30.03,70.64,87.81,3.18
529,Awjilah,89,LY,1570516245,31,29.14,21.3,74.75,14.36
530,Bonavista,100,CA,1570516247,86,48.65,-53.11,57.0,18.99
531,Adre,100,TD,1570516248,71,13.47,22.2,74.58,6.67
532,Agropoli,0,IT,1570516249,60,40.35,15.0,63.0,10.0
533,Ola,0,RU,1570516250,41,59.58,151.3,33.51,4.63
534,Lahaina,40,US,1570516252,69,20.87,-156.68,78.8,12.75
535,Puntarenas,40,CR,1570516253,93,9.98,-84.84,73.0,3.36
536,Sambava,19,MG,1570516254,74,-14.27,50.17,76.94,5.12
537,Kabarnet,40,KE,1570516256,72,0.5,35.74,59.0,2.24
538,Puerto Colombia,75,CO,1570516257,100,10.99,-74.96,73.4,5.82
539,Palatca,5,RO,1570516258,86,46.85,23.98,34.0,2.24
540,Tsogni,88,GA,1570516260,83,-2.79,10.1,76.74,5.39
541,Gravdal,75,NO,1570516262,87,59.79,5.78,46.99,16.11
542,Los Llanos de Aridane,75,ES,1570516263,73,28.66,-17.92,71.6,11.41
543,Odesskoye,0,RU,1570516265,47,54.21,72.97,63.17,5.32
544,Monteria,75,CO,1570516267,100,10.74,-74.19,82.4,5.82
545,Yumen,92,CN,1570516268,25,40.29,97.04,62.78,10.22
546,Mountain Home,1,US,1570516260,37,43.13,-115.69,51.8,9.17
